"DESCRIPTION","DURATION IN MS","NAME","PARENT SUITE","START TIME","STATUS","STOP TIME","SUB SUITE","SUITE","TEST CLASS","TEST METHOD"
"
### üéØ Objetivo do Teste
Validar o fluxo completo de compra end-to-end desde a autentica√ß√£o at√© a conclus√£o do pedido,
garantindo que todos os processos cr√≠ticos de neg√≥cio funcionem corretamente de forma integrada.

### üìã Cen√°rio BDD

**Dado que** um usu√°rio possui credenciais v√°lidas e acessa a p√°gina de login  
**E** existem produtos dispon√≠veis no invent√°rio  
**Quando** o usu√°rio faz login com suas credenciais  
**E** adiciona 2 produtos ao carrinho de compras  
**E** navega para o carrinho e inicia o processo de checkout  
**E** preenche as informa√ß√µes obrigat√≥rias (nome, sobrenome e CEP)  
**E** confirma a finaliza√ß√£o da compra  
**Ent√£o** o pedido deve ser conclu√≠do com sucesso  
**E** a p√°gina de confirma√ß√£o deve ser exibida

### ‚úÖ Crit√©rios de Sucesso
- Autentica√ß√£o bem-sucedida com redirecionamento para p√°gina de invent√°rio
- Badge do carrinho exibe contagem correta de 2 produtos
- Navega√ß√£o fluida por todas as etapas do checkout
- P√°gina de conclus√£o do pedido alcan√ßada e validada
","4169","Fluxo completo de compra - Login at√© conclus√£o do pedido","","Thu Jan 29 19:26:14 UTC 2026","passed","Thu Jan 29 19:26:19 UTC 2026","TestE2E","test_e2e","",""
